Ref;Deg;MOS
m041_bucharest_d1_1a1b.wav;m041_bucharest_d1_1a1b.wav;4.42
m041_bucharest_d1_1a1b.wav;m041_bucharest_d1_1a1b_BP900_2500.wav;1.97
m041_bucharest_d1_1a1b.wav;m041_bucharest_d1_1a1b_HP135_WB_AMRWB_6_6.wav;3.04
m041_bucharest_d1_1a1b.wav;m041_bucharest_d1_1a1b_HP135_WB_G722_64.wav;4.45
m041_bucharest_d1_1a1b.wav;m041_bucharest_d1_1a1b_IRS_NB_AMRNB_4_75.wav;2.46
m041_bucharest_d1_1a1b.wav;m041_bucharest_d1_1a1b_IRS_NB_G711_A_64.wav;3.30
m041_bucharest_d1_1a1b.wav;m041_bucharest_d1_1a1b_MNRU_10DB.wav;1.23
m041_bucharest_d1_1a1b.wav;m041_bucharest_d1_1a1b_SWB_EVS_16_4.wav;4.40
m041_bucharest_d1_1c_03.wav;m041_bucharest_d1_1c_03.wav;4.41
m041_bucharest_d1_1c_03.wav;m041_bucharest_d1_1c_03_BP900_2500.wav;1.90
m041_bucharest_d1_1c_03.wav;m041_bucharest_d1_1c_03_HP135_WB_AMRWB_6_6.wav;3.30
m041_bucharest_d1_1c_03.wav;m041_bucharest_d1_1c_03_HP135_WB_G722_64.wav;4.40
m041_bucharest_d1_1c_03.wav;m041_bucharest_d1_1c_03_IRS_NB_AMRNB_4_75.wav;2.26
m041_bucharest_d1_1c_03.wav;m041_bucharest_d1_1c_03_IRS_NB_G711_A_64.wav;3.18
m041_bucharest_d1_1c_03.wav;m041_bucharest_d1_1c_03_MNRU_10DB.wav;1.21
m041_bucharest_d1_1c_03.wav;m041_bucharest_d1_1c_03_SWB_EVS_16_4.wav;4.38
m041_bucharest_d2_2b.wav;m041_bucharest_d2_2b.wav;4.55
m041_bucharest_d2_2b.wav;m041_bucharest_d2_2b_BP900_2500.wav;1.83
m041_bucharest_d2_2b.wav;m041_bucharest_d2_2b_HP135_WB_AMRWB_6_6.wav;3.19
m041_bucharest_d2_2b.wav;m041_bucharest_d2_2b_HP135_WB_G722_64.wav;4.37
m041_bucharest_d2_2b.wav;m041_bucharest_d2_2b_IRS_NB_AMRNB_4_75.wav;2.36
m041_bucharest_d2_2b.wav;m041_bucharest_d2_2b_IRS_NB_G711_A_64.wav;3.25
m041_bucharest_d2_2b.wav;m041_bucharest_d2_2b_MNRU_10DB.wav;1.31
m041_bucharest_d2_2b.wav;m041_bucharest_d2_2b_SWB_EVS_16_4.wav;4.26
m041_bucharest_d3_3a3b.wav;m041_bucharest_d3_3a3b.wav;4.37
m041_bucharest_d3_3a3b.wav;m041_bucharest_d3_3a3b_BP900_2500.wav;1.30
m041_bucharest_d3_3a3b.wav;m041_bucharest_d3_3a3b_HP135_WB_AMRWB_6_6.wav;3.29
m041_bucharest_d3_3a3b.wav;m041_bucharest_d3_3a3b_HP135_WB_G722_64.wav;4.33
m041_bucharest_d3_3a3b.wav;m041_bucharest_d3_3a3b_IRS_NB_AMRNB_4_75.wav;2.42
m041_bucharest_d3_3a3b.wav;m041_bucharest_d3_3a3b_IRS_NB_G711_A_64.wav;3.35
m041_bucharest_d3_3a3b.wav;m041_bucharest_d3_3a3b_MNRU_10DB.wav;1.09
m041_bucharest_d3_3a3b.wav;m041_bucharest_d3_3a3b_SWB_EVS_16_4.wav;4.13
m041_bucharest_d3_3c1.wav;m041_bucharest_d3_3c1.wav;4.44
m041_bucharest_d3_3c1.wav;m041_bucharest_d3_3c1_BP900_2500.wav;1.86
m041_bucharest_d3_3c1.wav;m041_bucharest_d3_3c1_HP135_WB_AMRWB_6_6.wav;3.30
m041_bucharest_d3_3c1.wav;m041_bucharest_d3_3c1_HP135_WB_G722_64.wav;4.35
m041_bucharest_d3_3c1.wav;m041_bucharest_d3_3c1_IRS_NB_AMRNB_4_75.wav;2.39
m041_bucharest_d3_3c1.wav;m041_bucharest_d3_3c1_IRS_NB_G711_A_64.wav;3.20
m041_bucharest_d3_3c1.wav;m041_bucharest_d3_3c1_MNRU_10DB.wav;1.21
m041_bucharest_d3_3c1.wav;m041_bucharest_d3_3c1_SWB_EVS_16_4.wav;4.31
m041_bucharest_d3_3c2.wav;m041_bucharest_d3_3c2.wav;4.41
m041_bucharest_d3_3c2.wav;m041_bucharest_d3_3c2_BP900_2500.wav;1.86
m041_bucharest_d3_3c2.wav;m041_bucharest_d3_3c2_HP135_WB_AMRWB_6_6.wav;2.97
m041_bucharest_d3_3c2.wav;m041_bucharest_d3_3c2_HP135_WB_G722_64.wav;4.19
m041_bucharest_d3_3c2.wav;m041_bucharest_d3_3c2_IRS_NB_AMRNB_4_75.wav;2.20
m041_bucharest_d3_3c2.wav;m041_bucharest_d3_3c2_IRS_NB_G711_A_64.wav;3.15
m041_bucharest_d3_3c2.wav;m041_bucharest_d3_3c2_MNRU_10DB.wav;1.17
m041_bucharest_d3_3c2.wav;m041_bucharest_d3_3c2_SWB_EVS_16_4.wav;4.14
m041_bucharest_d4_4a4b.wav;m041_bucharest_d4_4a4b.wav;4.44
m041_bucharest_d4_4a4b.wav;m041_bucharest_d4_4a4b_BP900_2500.wav;2.00
m041_bucharest_d4_4a4b.wav;m041_bucharest_d4_4a4b_HP135_WB_AMRWB_6_6.wav;3.15
m041_bucharest_d4_4a4b.wav;m041_bucharest_d4_4a4b_HP135_WB_G722_64.wav;4.40
m041_bucharest_d4_4a4b.wav;m041_bucharest_d4_4a4b_IRS_NB_AMRNB_4_75.wav;2.49
m041_bucharest_d4_4a4b.wav;m041_bucharest_d4_4a4b_IRS_NB_G711_A_64.wav;3.34
m041_bucharest_d4_4a4b.wav;m041_bucharest_d4_4a4b_MNRU_10DB.wav;1.17
m041_bucharest_d4_4a4b.wav;m041_bucharest_d4_4a4b_SWB_EVS_16_4.wav;4.28
m041_bucharest_d4_4c.wav;m041_bucharest_d4_4c.wav;4.39
m041_bucharest_d4_4c.wav;m041_bucharest_d4_4c_BP900_2500.wav;1.96
m041_bucharest_d4_4c.wav;m041_bucharest_d4_4c_HP135_WB_AMRWB_6_6.wav;3.11
m041_bucharest_d4_4c.wav;m041_bucharest_d4_4c_HP135_WB_G722_64.wav;4.28
m041_bucharest_d4_4c.wav;m041_bucharest_d4_4c_IRS_NB_AMRNB_4_75.wav;2.01
m041_bucharest_d4_4c.wav;m041_bucharest_d4_4c_IRS_NB_G711_A_64.wav;2.80
m041_bucharest_d4_4c.wav;m041_bucharest_d4_4c_MNRU_10DB.wav;1.19
m041_bucharest_d4_4c.wav;m041_bucharest_d4_4c_SWB_EVS_16_4.wav;4.16
m061_alrayyan_d1_1a1b.wav;m061_alrayyan_d1_1a1b.wav;4.65
m061_alrayyan_d1_1a1b.wav;m061_alrayyan_d1_1a1b_BP900_2500.wav;1.93
m061_alrayyan_d1_1a1b.wav;m061_alrayyan_d1_1a1b_HP135_WB_AMRWB_6_6.wav;3.30
m061_alrayyan_d1_1a1b.wav;m061_alrayyan_d1_1a1b_HP135_WB_G722_64.wav;4.43
m061_alrayyan_d1_1a1b.wav;m061_alrayyan_d1_1a1b_IRS_NB_AMRNB_4_75.wav;2.54
m061_alrayyan_d1_1a1b.wav;m061_alrayyan_d1_1a1b_IRS_NB_G711_A_64.wav;3.27
m061_alrayyan_d1_1a1b.wav;m061_alrayyan_d1_1a1b_MNRU_10DB.wav;1.07
m061_alrayyan_d1_1a1b.wav;m061_alrayyan_d1_1a1b_SWB_EVS_16_4.wav;4.46
m061_alrayyan_d1_1c_03.wav;m061_alrayyan_d1_1c_03.wav;4.59
m061_alrayyan_d1_1c_03.wav;m061_alrayyan_d1_1c_03_BP900_2500.wav;1.51
m061_alrayyan_d1_1c_03.wav;m061_alrayyan_d1_1c_03_HP135_WB_AMRWB_6_6.wav;3.27
m061_alrayyan_d1_1c_03.wav;m061_alrayyan_d1_1c_03_HP135_WB_G722_64.wav;4.42
m061_alrayyan_d1_1c_03.wav;m061_alrayyan_d1_1c_03_IRS_NB_AMRNB_4_75.wav;2.54
m061_alrayyan_d1_1c_03.wav;m061_alrayyan_d1_1c_03_IRS_NB_G711_A_64.wav;2.98
m061_alrayyan_d1_1c_03.wav;m061_alrayyan_d1_1c_03_MNRU_10DB.wav;1.22
m061_alrayyan_d1_1c_03.wav;m061_alrayyan_d1_1c_03_SWB_EVS_16_4.wav;4.45
m061_alrayyan_d2_2b.wav;m061_alrayyan_d2_2b.wav;4.74
m061_alrayyan_d2_2b.wav;m061_alrayyan_d2_2b_BP900_2500.wav;1.74
m061_alrayyan_d2_2b.wav;m061_alrayyan_d2_2b_HP135_WB_AMRWB_6_6.wav;3.21
m061_alrayyan_d2_2b.wav;m061_alrayyan_d2_2b_HP135_WB_G722_64.wav;4.46
m061_alrayyan_d2_2b.wav;m061_alrayyan_d2_2b_IRS_NB_AMRNB_4_75.wav;2.37
m061_alrayyan_d2_2b.wav;m061_alrayyan_d2_2b_IRS_NB_G711_A_64.wav;3.11
m061_alrayyan_d2_2b.wav;m061_alrayyan_d2_2b_MNRU_10DB.wav;1.15
m061_alrayyan_d2_2b.wav;m061_alrayyan_d2_2b_SWB_EVS_16_4.wav;4.45
m061_alrayyan_d3_3a3b.wav;m061_alrayyan_d3_3a3b.wav;4.67
m061_alrayyan_d3_3a3b.wav;m061_alrayyan_d3_3a3b_BP900_2500.wav;1.77
m061_alrayyan_d3_3a3b.wav;m061_alrayyan_d3_3a3b_HP135_WB_AMRWB_6_6.wav;3.46
m061_alrayyan_d3_3a3b.wav;m061_alrayyan_d3_3a3b_HP135_WB_G722_64.wav;4.45
m061_alrayyan_d3_3a3b.wav;m061_alrayyan_d3_3a3b_IRS_NB_AMRNB_4_75.wav;2.77
m061_alrayyan_d3_3a3b.wav;m061_alrayyan_d3_3a3b_IRS_NB_G711_A_64.wav;3.38
m061_alrayyan_d3_3a3b.wav;m061_alrayyan_d3_3a3b_MNRU_10DB.wav;1.12
m061_alrayyan_d3_3a3b.wav;m061_alrayyan_d3_3a3b_SWB_EVS_16_4.wav;4.58
m061_alrayyan_d3_3c1.wav;m061_alrayyan_d3_3c1.wav;4.51
m061_alrayyan_d3_3c1.wav;m061_alrayyan_d3_3c1_BP900_2500.wav;1.42
m061_alrayyan_d3_3c1.wav;m061_alrayyan_d3_3c1_HP135_WB_AMRWB_6_6.wav;3.21
m061_alrayyan_d3_3c1.wav;m061_alrayyan_d3_3c1_HP135_WB_G722_64.wav;4.46
m061_alrayyan_d3_3c1.wav;m061_alrayyan_d3_3c1_IRS_NB_AMRNB_4_75.wav;2.36
m061_alrayyan_d3_3c1.wav;m061_alrayyan_d3_3c1_IRS_NB_G711_A_64.wav;2.74
m061_alrayyan_d3_3c1.wav;m061_alrayyan_d3_3c1_MNRU_10DB.wav;1.31
m061_alrayyan_d3_3c1.wav;m061_alrayyan_d3_3c1_SWB_EVS_16_4.wav;4.43
m061_alrayyan_d3_3c2.wav;m061_alrayyan_d3_3c2.wav;4.30
m061_alrayyan_d3_3c2.wav;m061_alrayyan_d3_3c2_BP900_2500.wav;1.78
m061_alrayyan_d3_3c2.wav;m061_alrayyan_d3_3c2_HP135_WB_AMRWB_6_6.wav;3.31
m061_alrayyan_d3_3c2.wav;m061_alrayyan_d3_3c2_HP135_WB_G722_64.wav;4.20
m061_alrayyan_d3_3c2.wav;m061_alrayyan_d3_3c2_IRS_NB_AMRNB_4_75.wav;2.52
m061_alrayyan_d3_3c2.wav;m061_alrayyan_d3_3c2_IRS_NB_G711_A_64.wav;3.17
m061_alrayyan_d3_3c2.wav;m061_alrayyan_d3_3c2_MNRU_10DB.wav;1.28
m061_alrayyan_d3_3c2.wav;m061_alrayyan_d3_3c2_SWB_EVS_16_4.wav;4.40
m061_alrayyan_d4_4a4b.wav;m061_alrayyan_d4_4a4b.wav;4.75
m061_alrayyan_d4_4a4b.wav;m061_alrayyan_d4_4a4b_BP900_2500.wav;1.86
m061_alrayyan_d4_4a4b.wav;m061_alrayyan_d4_4a4b_HP135_WB_AMRWB_6_6.wav;3.32
m061_alrayyan_d4_4a4b.wav;m061_alrayyan_d4_4a4b_HP135_WB_G722_64.wav;4.54
m061_alrayyan_d4_4a4b.wav;m061_alrayyan_d4_4a4b_IRS_NB_AMRNB_4_75.wav;2.75
m061_alrayyan_d4_4a4b.wav;m061_alrayyan_d4_4a4b_IRS_NB_G711_A_64.wav;3.34
m061_alrayyan_d4_4a4b.wav;m061_alrayyan_d4_4a4b_MNRU_10DB.wav;1.24
m061_alrayyan_d4_4a4b.wav;m061_alrayyan_d4_4a4b_SWB_EVS_16_4.wav;4.54
m061_alrayyan_d4_4c.wav;m061_alrayyan_d4_4c.wav;4.52
m061_alrayyan_d4_4c.wav;m061_alrayyan_d4_4c_BP900_2500.wav;1.97
m061_alrayyan_d4_4c.wav;m061_alrayyan_d4_4c_HP135_WB_AMRWB_6_6.wav;3.32
m061_alrayyan_d4_4c.wav;m061_alrayyan_d4_4c_HP135_WB_G722_64.wav;4.27
m061_alrayyan_d4_4c.wav;m061_alrayyan_d4_4c_IRS_NB_AMRNB_4_75.wav;2.58
m061_alrayyan_d4_4c.wav;m061_alrayyan_d4_4c_IRS_NB_G711_A_64.wav;3.20
m061_alrayyan_d4_4c.wav;m061_alrayyan_d4_4c_MNRU_10DB.wav;1.25
m061_alrayyan_d4_4c.wav;m061_alrayyan_d4_4c_SWB_EVS_16_4.wav;4.42
m096_helsinki_d1_1a1b.wav;m096_helsinki_d1_1a1b.wav;4.39
m096_helsinki_d1_1a1b.wav;m096_helsinki_d1_1a1b_BP900_2500.wav;2.01
m096_helsinki_d1_1a1b.wav;m096_helsinki_d1_1a1b_HP135_WB_AMRWB_6_6.wav;3.83
m096_helsinki_d1_1a1b.wav;m096_helsinki_d1_1a1b_HP135_WB_G722_64.wav;4.57
m096_helsinki_d1_1a1b.wav;m096_helsinki_d1_1a1b_IRS_NB_AMRNB_4_75.wav;2.85
m096_helsinki_d1_1a1b.wav;m096_helsinki_d1_1a1b_IRS_NB_G711_A_64.wav;3.47
m096_helsinki_d1_1a1b.wav;m096_helsinki_d1_1a1b_MNRU_10DB.wav;1.21
m096_helsinki_d1_1a1b.wav;m096_helsinki_d1_1a1b_SWB_EVS_16_4.wav;4.68
m096_helsinki_d1_1c_07.wav;m096_helsinki_d1_1c_07.wav;4.49
m096_helsinki_d1_1c_07.wav;m096_helsinki_d1_1c_07_BP900_2500.wav;1.86
m096_helsinki_d1_1c_07.wav;m096_helsinki_d1_1c_07_HP135_WB_AMRWB_6_6.wav;3.85
m096_helsinki_d1_1c_07.wav;m096_helsinki_d1_1c_07_HP135_WB_G722_64.wav;4.56
m096_helsinki_d1_1c_07.wav;m096_helsinki_d1_1c_07_IRS_NB_AMRNB_4_75.wav;2.72
m096_helsinki_d1_1c_07.wav;m096_helsinki_d1_1c_07_IRS_NB_G711_A_64.wav;3.28
m096_helsinki_d1_1c_07.wav;m096_helsinki_d1_1c_07_MNRU_10DB.wav;1.45
m096_helsinki_d1_1c_07.wav;m096_helsinki_d1_1c_07_SWB_EVS_16_4.wav;4.75
m096_helsinki_d2_2b.wav;m096_helsinki_d2_2b.wav;4.46
m096_helsinki_d2_2b.wav;m096_helsinki_d2_2b_BP900_2500.wav;1.86
m096_helsinki_d2_2b.wav;m096_helsinki_d2_2b_HP135_WB_AMRWB_6_6.wav;3.71
m096_helsinki_d2_2b.wav;m096_helsinki_d2_2b_HP135_WB_G722_64.wav;4.42
m096_helsinki_d2_2b.wav;m096_helsinki_d2_2b_IRS_NB_AMRNB_4_75.wav;2.45
m096_helsinki_d2_2b.wav;m096_helsinki_d2_2b_IRS_NB_G711_A_64.wav;3.26
m096_helsinki_d2_2b.wav;m096_helsinki_d2_2b_MNRU_10DB.wav;1.56
m096_helsinki_d2_2b.wav;m096_helsinki_d2_2b_SWB_EVS_16_4.wav;4.74
m096_helsinki_d3_3a_01.wav;m096_helsinki_d3_3a_01.wav;4.10
m096_helsinki_d3_3a_01.wav;m096_helsinki_d3_3a_01_BP900_2500.wav;1.87
m096_helsinki_d3_3a_01.wav;m096_helsinki_d3_3a_01_HP135_WB_AMRWB_6_6.wav;4.10
m096_helsinki_d3_3a_01.wav;m096_helsinki_d3_3a_01_HP135_WB_G722_64.wav;4.44
m096_helsinki_d3_3a_01.wav;m096_helsinki_d3_3a_01_IRS_NB_AMRNB_4_75.wav;3.04
m096_helsinki_d3_3a_01.wav;m096_helsinki_d3_3a_01_IRS_NB_G711_A_64.wav;3.37
m096_helsinki_d3_3a_01.wav;m096_helsinki_d3_3a_01_MNRU_10DB.wav;1.36
m096_helsinki_d3_3a_01.wav;m096_helsinki_d3_3a_01_SWB_EVS_16_4.wav;4.75
m096_helsinki_d3_3c1.wav;m096_helsinki_d3_3c1.wav;4.47
m096_helsinki_d3_3c1.wav;m096_helsinki_d3_3c1_BP900_2500.wav;2.06
m096_helsinki_d3_3c1.wav;m096_helsinki_d3_3c1_HP135_WB_AMRWB_6_6.wav;3.73
m096_helsinki_d3_3c1.wav;m096_helsinki_d3_3c1_HP135_WB_G722_64.wav;4.58
m096_helsinki_d3_3c1.wav;m096_helsinki_d3_3c1_IRS_NB_AMRNB_4_75.wav;2.78
m096_helsinki_d3_3c1.wav;m096_helsinki_d3_3c1_IRS_NB_G711_A_64.wav;3.28
m096_helsinki_d3_3c1.wav;m096_helsinki_d3_3c1_MNRU_10DB.wav;1.31
m096_helsinki_d3_3c1.wav;m096_helsinki_d3_3c1_SWB_EVS_16_4.wav;4.75
m096_helsinki_d3_3c2.wav;m096_helsinki_d3_3c2.wav;4.28
m096_helsinki_d3_3c2.wav;m096_helsinki_d3_3c2_BP900_2500.wav;1.83
m096_helsinki_d3_3c2.wav;m096_helsinki_d3_3c2_HP135_WB_AMRWB_6_6.wav;3.62
m096_helsinki_d3_3c2.wav;m096_helsinki_d3_3c2_HP135_WB_G722_64.wav;4.53
m096_helsinki_d3_3c2.wav;m096_helsinki_d3_3c2_IRS_NB_AMRNB_4_75.wav;2.66
m096_helsinki_d3_3c2.wav;m096_helsinki_d3_3c2_IRS_NB_G711_A_64.wav;3.13
m096_helsinki_d3_3c2.wav;m096_helsinki_d3_3c2_MNRU_10DB.wav;1.29
m096_helsinki_d3_3c2.wav;m096_helsinki_d3_3c2_SWB_EVS_16_4.wav;4.68
m096_helsinki_d4_4a4b.wav;m096_helsinki_d4_4a4b.wav;4.35
m096_helsinki_d4_4a4b.wav;m096_helsinki_d4_4a4b_BP900_2500.wav;1.84
m096_helsinki_d4_4a4b.wav;m096_helsinki_d4_4a4b_HP135_WB_AMRWB_6_6.wav;3.99
m096_helsinki_d4_4a4b.wav;m096_helsinki_d4_4a4b_HP135_WB_G722_64.wav;4.54
m096_helsinki_d4_4a4b.wav;m096_helsinki_d4_4a4b_IRS_NB_AMRNB_4_75.wav;2.99
m096_helsinki_d4_4a4b.wav;m096_helsinki_d4_4a4b_IRS_NB_G711_A_64.wav;3.44
m096_helsinki_d4_4a4b.wav;m096_helsinki_d4_4a4b_MNRU_10DB.wav;1.27
m096_helsinki_d4_4a4b.wav;m096_helsinki_d4_4a4b_SWB_EVS_16_4.wav;4.75
m096_helsinki_d4_4c.wav;m096_helsinki_d4_4c.wav;4.44
m096_helsinki_d4_4c.wav;m096_helsinki_d4_4c_BP900_2500.wav;1.89
m096_helsinki_d4_4c.wav;m096_helsinki_d4_4c_HP135_WB_AMRWB_6_6.wav;3.81
m096_helsinki_d4_4c.wav;m096_helsinki_d4_4c_HP135_WB_G722_64.wav;4.51
m096_helsinki_d4_4c.wav;m096_helsinki_d4_4c_IRS_NB_AMRNB_4_75.wav;2.89
m096_helsinki_d4_4c.wav;m096_helsinki_d4_4c_IRS_NB_G711_A_64.wav;3.45
m096_helsinki_d4_4c.wav;m096_helsinki_d4_4c_MNRU_10DB.wav;1.19
m096_helsinki_d4_4c.wav;m096_helsinki_d4_4c_SWB_EVS_16_4.wav;4.75
m097_basseterre_d1_1a1b.wav;m097_basseterre_d1_1a1b.wav;4.49
m097_basseterre_d1_1a1b.wav;m097_basseterre_d1_1a1b_BP900_2500.wav;2.04
m097_basseterre_d1_1a1b.wav;m097_basseterre_d1_1a1b_HP135_WB_AMRWB_6_6.wav;3.11
m097_basseterre_d1_1a1b.wav;m097_basseterre_d1_1a1b_HP135_WB_G722_64.wav;4.42
m097_basseterre_d1_1a1b.wav;m097_basseterre_d1_1a1b_IRS_NB_AMRNB_4_75.wav;2.42
m097_basseterre_d1_1a1b.wav;m097_basseterre_d1_1a1b_IRS_NB_G711_A_64.wav;3.47
m097_basseterre_d1_1a1b.wav;m097_basseterre_d1_1a1b_MNRU_10DB.wav;1.07
m097_basseterre_d1_1a1b.wav;m097_basseterre_d1_1a1b_SWB_EVS_16_4.wav;4.29
m097_basseterre_d1_1c_08.wav;m097_basseterre_d1_1c_08.wav;4.51
m097_basseterre_d1_1c_08.wav;m097_basseterre_d1_1c_08_BP900_2500.wav;1.99
m097_basseterre_d1_1c_08.wav;m097_basseterre_d1_1c_08_HP135_WB_AMRWB_6_6.wav;2.99
m097_basseterre_d1_1c_08.wav;m097_basseterre_d1_1c_08_HP135_WB_G722_64.wav;4.47
m097_basseterre_d1_1c_08.wav;m097_basseterre_d1_1c_08_IRS_NB_AMRNB_4_75.wav;2.30
m097_basseterre_d1_1c_08.wav;m097_basseterre_d1_1c_08_IRS_NB_G711_A_64.wav;3.16
m097_basseterre_d1_1c_08.wav;m097_basseterre_d1_1c_08_MNRU_10DB.wav;1.18
m097_basseterre_d1_1c_08.wav;m097_basseterre_d1_1c_08_SWB_EVS_16_4.wav;4.13
m097_basseterre_d2_2b.wav;m097_basseterre_d2_2b.wav;4.55
m097_basseterre_d2_2b.wav;m097_basseterre_d2_2b_BP900_2500.wav;1.87
m097_basseterre_d2_2b.wav;m097_basseterre_d2_2b_HP135_WB_AMRWB_6_6.wav;3.26
m097_basseterre_d2_2b.wav;m097_basseterre_d2_2b_HP135_WB_G722_64.wav;4.47
m097_basseterre_d2_2b.wav;m097_basseterre_d2_2b_IRS_NB_AMRNB_4_75.wav;2.38
m097_basseterre_d2_2b.wav;m097_basseterre_d2_2b_IRS_NB_G711_A_64.wav;3.16
m097_basseterre_d2_2b.wav;m097_basseterre_d2_2b_MNRU_10DB.wav;1.21
m097_basseterre_d2_2b.wav;m097_basseterre_d2_2b_SWB_EVS_16_4.wav;4.31
m097_basseterre_d3_3a3b.wav;m097_basseterre_d3_3a3b.wav;4.54
m097_basseterre_d3_3a3b.wav;m097_basseterre_d3_3a3b_BP900_2500.wav;1.43
m097_basseterre_d3_3a3b.wav;m097_basseterre_d3_3a3b_HP135_WB_AMRWB_6_6.wav;3.27
m097_basseterre_d3_3a3b.wav;m097_basseterre_d3_3a3b_HP135_WB_G722_64.wav;4.49
m097_basseterre_d3_3a3b.wav;m097_basseterre_d3_3a3b_IRS_NB_AMRNB_4_75.wav;2.41
m097_basseterre_d3_3a3b.wav;m097_basseterre_d3_3a3b_IRS_NB_G711_A_64.wav;3.28
m097_basseterre_d3_3a3b.wav;m097_basseterre_d3_3a3b_MNRU_10DB.wav;1.21
m097_basseterre_d3_3a3b.wav;m097_basseterre_d3_3a3b_SWB_EVS_16_4.wav;4.45
m097_basseterre_d3_3c1.wav;m097_basseterre_d3_3c1.wav;4.54
m097_basseterre_d3_3c1.wav;m097_basseterre_d3_3c1_BP900_2500.wav;1.90
m097_basseterre_d3_3c1.wav;m097_basseterre_d3_3c1_HP135_WB_AMRWB_6_6.wav;3.09
m097_basseterre_d3_3c1.wav;m097_basseterre_d3_3c1_HP135_WB_G722_64.wav;4.32
m097_basseterre_d3_3c1.wav;m097_basseterre_d3_3c1_IRS_NB_AMRNB_4_75.wav;2.37
m097_basseterre_d3_3c1.wav;m097_basseterre_d3_3c1_IRS_NB_G711_A_64.wav;2.98
m097_basseterre_d3_3c1.wav;m097_basseterre_d3_3c1_MNRU_10DB.wav;1.06
m097_basseterre_d3_3c1.wav;m097_basseterre_d3_3c1_SWB_EVS_16_4.wav;4.31
m097_basseterre_d3_3c2.wav;m097_basseterre_d3_3c2.wav;4.18
m097_basseterre_d3_3c2.wav;m097_basseterre_d3_3c2_BP900_2500.wav;1.85
m097_basseterre_d3_3c2.wav;m097_basseterre_d3_3c2_HP135_WB_AMRWB_6_6.wav;2.66
m097_basseterre_d3_3c2.wav;m097_basseterre_d3_3c2_HP135_WB_G722_64.wav;4.23
m097_basseterre_d3_3c2.wav;m097_basseterre_d3_3c2_IRS_NB_AMRNB_4_75.wav;2.08
m097_basseterre_d3_3c2.wav;m097_basseterre_d3_3c2_IRS_NB_G711_A_64.wav;2.99
m097_basseterre_d3_3c2.wav;m097_basseterre_d3_3c2_MNRU_10DB.wav;1.08
m097_basseterre_d3_3c2.wav;m097_basseterre_d3_3c2_SWB_EVS_16_4.wav;4.17
m097_basseterre_d4_4a4b.wav;m097_basseterre_d4_4a4b.wav;4.53
m097_basseterre_d4_4a4b.wav;m097_basseterre_d4_4a4b_BP900_2500.wav;1.94
m097_basseterre_d4_4a4b.wav;m097_basseterre_d4_4a4b_HP135_WB_AMRWB_6_6.wav;3.18
m097_basseterre_d4_4a4b.wav;m097_basseterre_d4_4a4b_HP135_WB_G722_64.wav;4.30
m097_basseterre_d4_4a4b.wav;m097_basseterre_d4_4a4b_IRS_NB_AMRNB_4_75.wav;2.44
m097_basseterre_d4_4a4b.wav;m097_basseterre_d4_4a4b_IRS_NB_G711_A_64.wav;3.47
m097_basseterre_d4_4a4b.wav;m097_basseterre_d4_4a4b_MNRU_10DB.wav;1.05
m097_basseterre_d4_4a4b.wav;m097_basseterre_d4_4a4b_SWB_EVS_16_4.wav;4.13
m097_basseterre_d4_4c.wav;m097_basseterre_d4_4c.wav;4.75
m097_basseterre_d4_4c.wav;m097_basseterre_d4_4c_BP900_2500.wav;1.85
m097_basseterre_d4_4c.wav;m097_basseterre_d4_4c_HP135_WB_AMRWB_6_6.wav;2.91
m097_basseterre_d4_4c.wav;m097_basseterre_d4_4c_HP135_WB_G722_64.wav;4.39
m097_basseterre_d4_4c.wav;m097_basseterre_d4_4c_IRS_NB_AMRNB_4_75.wav;2.21
m097_basseterre_d4_4c.wav;m097_basseterre_d4_4c_IRS_NB_G711_A_64.wav;3.07
m097_basseterre_d4_4c.wav;m097_basseterre_d4_4c_MNRU_10DB.wav;1.16
m097_basseterre_d4_4c.wav;m097_basseterre_d4_4c_SWB_EVS_16_4.wav;4.36
m171_barentsburg_d1_1a1b.wav;m171_barentsburg_d1_1a1b.wav;4.48
m171_barentsburg_d1_1a1b.wav;m171_barentsburg_d1_1a1b_BP900_2500.wav;2.12
m171_barentsburg_d1_1a1b.wav;m171_barentsburg_d1_1a1b_HP135_WB_AMRWB_6_6.wav;3.03
m171_barentsburg_d1_1a1b.wav;m171_barentsburg_d1_1a1b_HP135_WB_G722_64.wav;4.47
m171_barentsburg_d1_1a1b.wav;m171_barentsburg_d1_1a1b_IRS_NB_AMRNB_4_75.wav;2.44
m171_barentsburg_d1_1a1b.wav;m171_barentsburg_d1_1a1b_IRS_NB_G711_A_64.wav;3.52
m171_barentsburg_d1_1a1b.wav;m171_barentsburg_d1_1a1b_MNRU_10DB.wav;1.02
m171_barentsburg_d1_1a1b.wav;m171_barentsburg_d1_1a1b_SWB_EVS_16_4.wav;4.30
m171_barentsburg_d1_1c_06.wav;m171_barentsburg_d1_1c_06.wav;4.46
m171_barentsburg_d1_1c_06.wav;m171_barentsburg_d1_1c_06_BP900_2500.wav;1.91
m171_barentsburg_d1_1c_06.wav;m171_barentsburg_d1_1c_06_HP135_WB_AMRWB_6_6.wav;3.07
m171_barentsburg_d1_1c_06.wav;m171_barentsburg_d1_1c_06_HP135_WB_G722_64.wav;4.34
m171_barentsburg_d1_1c_06.wav;m171_barentsburg_d1_1c_06_IRS_NB_AMRNB_4_75.wav;2.41
m171_barentsburg_d1_1c_06.wav;m171_barentsburg_d1_1c_06_IRS_NB_G711_A_64.wav;3.11
m171_barentsburg_d1_1c_06.wav;m171_barentsburg_d1_1c_06_MNRU_10DB.wav;1.03
m171_barentsburg_d1_1c_06.wav;m171_barentsburg_d1_1c_06_SWB_EVS_16_4.wav;4.21
m171_barentsburg_d2_2b.wav;m171_barentsburg_d2_2b.wav;4.35
m171_barentsburg_d2_2b.wav;m171_barentsburg_d2_2b_BP900_2500.wav;1.85
m171_barentsburg_d2_2b.wav;m171_barentsburg_d2_2b_HP135_WB_AMRWB_6_6.wav;3.01
m171_barentsburg_d2_2b.wav;m171_barentsburg_d2_2b_HP135_WB_G722_64.wav;4.36
m171_barentsburg_d2_2b.wav;m171_barentsburg_d2_2b_IRS_NB_AMRNB_4_75.wav;2.39
m171_barentsburg_d2_2b.wav;m171_barentsburg_d2_2b_IRS_NB_G711_A_64.wav;3.19
m171_barentsburg_d2_2b.wav;m171_barentsburg_d2_2b_MNRU_10DB.wav;1.07
m171_barentsburg_d2_2b.wav;m171_barentsburg_d2_2b_SWB_EVS_16_4.wav;4.03
m171_barentsburg_d3_3a3b.wav;m171_barentsburg_d3_3a3b.wav;4.40
m171_barentsburg_d3_3a3b.wav;m171_barentsburg_d3_3a3b_BP900_2500.wav;2.03
m171_barentsburg_d3_3a3b.wav;m171_barentsburg_d3_3a3b_HP135_WB_AMRWB_6_6.wav;3.10
m171_barentsburg_d3_3a3b.wav;m171_barentsburg_d3_3a3b_HP135_WB_G722_64.wav;4.41
m171_barentsburg_d3_3a3b.wav;m171_barentsburg_d3_3a3b_IRS_NB_AMRNB_4_75.wav;2.43
m171_barentsburg_d3_3a3b.wav;m171_barentsburg_d3_3a3b_IRS_NB_G711_A_64.wav;3.65
m171_barentsburg_d3_3a3b.wav;m171_barentsburg_d3_3a3b_MNRU_10DB.wav;1.02
m171_barentsburg_d3_3a3b.wav;m171_barentsburg_d3_3a3b_SWB_EVS_16_4.wav;4.28
m171_barentsburg_d3_3c1.wav;m171_barentsburg_d3_3c1.wav;4.46
m171_barentsburg_d3_3c1.wav;m171_barentsburg_d3_3c1_BP900_2500.wav;2.02
m171_barentsburg_d3_3c1.wav;m171_barentsburg_d3_3c1_HP135_WB_AMRWB_6_6.wav;2.91
m171_barentsburg_d3_3c1.wav;m171_barentsburg_d3_3c1_HP135_WB_G722_64.wav;4.35
m171_barentsburg_d3_3c1.wav;m171_barentsburg_d3_3c1_IRS_NB_AMRNB_4_75.wav;2.25
m171_barentsburg_d3_3c1.wav;m171_barentsburg_d3_3c1_IRS_NB_G711_A_64.wav;3.32
m171_barentsburg_d3_3c1.wav;m171_barentsburg_d3_3c1_MNRU_10DB.wav;1.02
m171_barentsburg_d3_3c1.wav;m171_barentsburg_d3_3c1_SWB_EVS_16_4.wav;4.21
m171_barentsburg_d3_3c2.wav;m171_barentsburg_d3_3c2.wav;4.23
m171_barentsburg_d3_3c2.wav;m171_barentsburg_d3_3c2_BP900_2500.wav;1.87
m171_barentsburg_d3_3c2.wav;m171_barentsburg_d3_3c2_HP135_WB_AMRWB_6_6.wav;2.98
m171_barentsburg_d3_3c2.wav;m171_barentsburg_d3_3c2_HP135_WB_G722_64.wav;4.14
m171_barentsburg_d3_3c2.wav;m171_barentsburg_d3_3c2_IRS_NB_AMRNB_4_75.wav;2.25
m171_barentsburg_d3_3c2.wav;m171_barentsburg_d3_3c2_IRS_NB_G711_A_64.wav;3.16
m171_barentsburg_d3_3c2.wav;m171_barentsburg_d3_3c2_MNRU_10DB.wav;1.04
m171_barentsburg_d3_3c2.wav;m171_barentsburg_d3_3c2_SWB_EVS_16_4.wav;4.01
m171_barentsburg_d4_4a4b.wav;m171_barentsburg_d4_4a4b.wav;4.66
m171_barentsburg_d4_4a4b.wav;m171_barentsburg_d4_4a4b_BP900_2500.wav;1.92
m171_barentsburg_d4_4a4b.wav;m171_barentsburg_d4_4a4b_HP135_WB_AMRWB_6_6.wav;3.04
m171_barentsburg_d4_4a4b.wav;m171_barentsburg_d4_4a4b_HP135_WB_G722_64.wav;4.54
m171_barentsburg_d4_4a4b.wav;m171_barentsburg_d4_4a4b_IRS_NB_AMRNB_4_75.wav;2.49
m171_barentsburg_d4_4a4b.wav;m171_barentsburg_d4_4a4b_IRS_NB_G711_A_64.wav;3.64
m171_barentsburg_d4_4a4b.wav;m171_barentsburg_d4_4a4b_MNRU_10DB.wav;1.02
m171_barentsburg_d4_4a4b.wav;m171_barentsburg_d4_4a4b_SWB_EVS_16_4.wav;4.31
m171_barentsburg_d4_4c.wav;m171_barentsburg_d4_4c.wav;4.48
m171_barentsburg_d4_4c.wav;m171_barentsburg_d4_4c_BP900_2500.wav;1.96
m171_barentsburg_d4_4c.wav;m171_barentsburg_d4_4c_HP135_WB_AMRWB_6_6.wav;2.99
m171_barentsburg_d4_4c.wav;m171_barentsburg_d4_4c_HP135_WB_G722_64.wav;4.27
m171_barentsburg_d4_4c.wav;m171_barentsburg_d4_4c_IRS_NB_AMRNB_4_75.wav;2.38
m171_barentsburg_d4_4c.wav;m171_barentsburg_d4_4c_IRS_NB_G711_A_64.wav;3.21
m171_barentsburg_d4_4c.wav;m171_barentsburg_d4_4c_MNRU_10DB.wav;1.01
m171_barentsburg_d4_4c.wav;m171_barentsburg_d4_4c_SWB_EVS_16_4.wav;4.17
m263_andorralavella_d1_1a1b.wav;m263_andorralavella_d1_1a1b.wav;4.64
m263_andorralavella_d1_1a1b.wav;m263_andorralavella_d1_1a1b_BP900_2500.wav;2.13
m263_andorralavella_d1_1a1b.wav;m263_andorralavella_d1_1a1b_HP135_WB_AMRWB_6_6.wav;3.29
m263_andorralavella_d1_1a1b.wav;m263_andorralavella_d1_1a1b_HP135_WB_G722_64.wav;4.59
m263_andorralavella_d1_1a1b.wav;m263_andorralavella_d1_1a1b_IRS_NB_AMRNB_4_75.wav;2.36
m263_andorralavella_d1_1a1b.wav;m263_andorralavella_d1_1a1b_IRS_NB_G711_A_64.wav;3.50
m263_andorralavella_d1_1a1b.wav;m263_andorralavella_d1_1a1b_MNRU_10DB.wav;1.06
m263_andorralavella_d1_1a1b.wav;m263_andorralavella_d1_1a1b_SWB_EVS_16_4.wav;4.40
m263_andorralavella_d1_1c_12.wav;m263_andorralavella_d1_1c_12.wav;4.59
m263_andorralavella_d1_1c_12.wav;m263_andorralavella_d1_1c_12_BP900_2500.wav;1.99
m263_andorralavella_d1_1c_12.wav;m263_andorralavella_d1_1c_12_HP135_WB_AMRWB_6_6.wav;3.16
m263_andorralavella_d1_1c_12.wav;m263_andorralavella_d1_1c_12_HP135_WB_G722_64.wav;4.58
m263_andorralavella_d1_1c_12.wav;m263_andorralavella_d1_1c_12_IRS_NB_AMRNB_4_75.wav;2.33
m263_andorralavella_d1_1c_12.wav;m263_andorralavella_d1_1c_12_IRS_NB_G711_A_64.wav;3.16
m263_andorralavella_d1_1c_12.wav;m263_andorralavella_d1_1c_12_MNRU_10DB.wav;1.05
m263_andorralavella_d1_1c_12.wav;m263_andorralavella_d1_1c_12_SWB_EVS_16_4.wav;4.30
m263_andorralavella_d2_2b.wav;m263_andorralavella_d2_2b.wav;4.61
m263_andorralavella_d2_2b.wav;m263_andorralavella_d2_2b_BP900_2500.wav;1.73
m263_andorralavella_d2_2b.wav;m263_andorralavella_d2_2b_HP135_WB_AMRWB_6_6.wav;3.05
m263_andorralavella_d2_2b.wav;m263_andorralavella_d2_2b_HP135_WB_G722_64.wav;4.59
m263_andorralavella_d2_2b.wav;m263_andorralavella_d2_2b_IRS_NB_AMRNB_4_75.wav;2.39
m263_andorralavella_d2_2b.wav;m263_andorralavella_d2_2b_IRS_NB_G711_A_64.wav;3.20
m263_andorralavella_d2_2b.wav;m263_andorralavella_d2_2b_MNRU_10DB.wav;1.10
m263_andorralavella_d2_2b.wav;m263_andorralavella_d2_2b_SWB_EVS_16_4.wav;4.44
m263_andorralavella_d3_3a3b.wav;m263_andorralavella_d3_3a3b.wav;4.69
m263_andorralavella_d3_3a3b.wav;m263_andorralavella_d3_3a3b_BP900_2500.wav;1.92
m263_andorralavella_d3_3a3b.wav;m263_andorralavella_d3_3a3b_HP135_WB_AMRWB_6_6.wav;3.50
m263_andorralavella_d3_3a3b.wav;m263_andorralavella_d3_3a3b_HP135_WB_G722_64.wav;4.74
m263_andorralavella_d3_3a3b.wav;m263_andorralavella_d3_3a3b_IRS_NB_AMRNB_4_75.wav;2.68
m263_andorralavella_d3_3a3b.wav;m263_andorralavella_d3_3a3b_IRS_NB_G711_A_64.wav;3.53
m263_andorralavella_d3_3a3b.wav;m263_andorralavella_d3_3a3b_MNRU_10DB.wav;1.13
m263_andorralavella_d3_3a3b.wav;m263_andorralavella_d3_3a3b_SWB_EVS_16_4.wav;4.64
m263_andorralavella_d3_3c1.wav;m263_andorralavella_d3_3c1.wav;4.35
m263_andorralavella_d3_3c1.wav;m263_andorralavella_d3_3c1_BP900_2500.wav;2.06
m263_andorralavella_d3_3c1.wav;m263_andorralavella_d3_3c1_HP135_WB_AMRWB_6_6.wav;3.12
m263_andorralavella_d3_3c1.wav;m263_andorralavella_d3_3c1_HP135_WB_G722_64.wav;4.47
m263_andorralavella_d3_3c1.wav;m263_andorralavella_d3_3c1_IRS_NB_AMRNB_4_75.wav;2.59
m263_andorralavella_d3_3c1.wav;m263_andorralavella_d3_3c1_IRS_NB_G711_A_64.wav;3.52
m263_andorralavella_d3_3c1.wav;m263_andorralavella_d3_3c1_MNRU_10DB.wav;1.08
m263_andorralavella_d3_3c1.wav;m263_andorralavella_d3_3c1_SWB_EVS_16_4.wav;4.44
m263_andorralavella_d3_3c2.wav;m263_andorralavella_d3_3c2.wav;4.31
m263_andorralavella_d3_3c2.wav;m263_andorralavella_d3_3c2_BP900_2500.wav;1.85
m263_andorralavella_d3_3c2.wav;m263_andorralavella_d3_3c2_HP135_WB_AMRWB_6_6.wav;3.15
m263_andorralavella_d3_3c2.wav;m263_andorralavella_d3_3c2_HP135_WB_G722_64.wav;4.36
m263_andorralavella_d3_3c2.wav;m263_andorralavella_d3_3c2_IRS_NB_AMRNB_4_75.wav;2.33
m263_andorralavella_d3_3c2.wav;m263_andorralavella_d3_3c2_IRS_NB_G711_A_64.wav;3.20
m263_andorralavella_d3_3c2.wav;m263_andorralavella_d3_3c2_MNRU_10DB.wav;1.14
m263_andorralavella_d3_3c2.wav;m263_andorralavella_d3_3c2_SWB_EVS_16_4.wav;4.32
m263_andorralavella_d4_4a4b.wav;m263_andorralavella_d4_4a4b.wav;4.67
m263_andorralavella_d4_4a4b.wav;m263_andorralavella_d4_4a4b_BP900_2500.wav;2.06
m263_andorralavella_d4_4a4b.wav;m263_andorralavella_d4_4a4b_HP135_WB_AMRWB_6_6.wav;3.29
m263_andorralavella_d4_4a4b.wav;m263_andorralavella_d4_4a4b_HP135_WB_G722_64.wav;4.60
m263_andorralavella_d4_4a4b.wav;m263_andorralavella_d4_4a4b_IRS_NB_AMRNB_4_75.wav;2.49
m263_andorralavella_d4_4a4b.wav;m263_andorralavella_d4_4a4b_IRS_NB_G711_A_64.wav;3.49
m263_andorralavella_d4_4a4b.wav;m263_andorralavella_d4_4a4b_MNRU_10DB.wav;1.05
m263_andorralavella_d4_4a4b.wav;m263_andorralavella_d4_4a4b_SWB_EVS_16_4.wav;4.59
m263_andorralavella_d4_4c.wav;m263_andorralavella_d4_4c.wav;4.52
m263_andorralavella_d4_4c.wav;m263_andorralavella_d4_4c_BP900_2500.wav;1.95
m263_andorralavella_d4_4c.wav;m263_andorralavella_d4_4c_HP135_WB_AMRWB_6_6.wav;3.22
m263_andorralavella_d4_4c.wav;m263_andorralavella_d4_4c_HP135_WB_G722_64.wav;4.50
m263_andorralavella_d4_4c.wav;m263_andorralavella_d4_4c_IRS_NB_AMRNB_4_75.wav;2.39
m263_andorralavella_d4_4c.wav;m263_andorralavella_d4_4c_IRS_NB_G711_A_64.wav;3.16
m263_andorralavella_d4_4c.wav;m263_andorralavella_d4_4c_MNRU_10DB.wav;1.05
m263_andorralavella_d4_4c.wav;m263_andorralavella_d4_4c_SWB_EVS_16_4.wav;4.49
w008_dakar_d1_1a1b.wav;w008_dakar_d1_1a1b.wav;4.36
w008_dakar_d1_1a1b.wav;w008_dakar_d1_1a1b_BP900_2500.wav;2.07
w008_dakar_d1_1a1b.wav;w008_dakar_d1_1a1b_HP135_WB_AMRWB_6_6.wav;2.67
w008_dakar_d1_1a1b.wav;w008_dakar_d1_1a1b_HP135_WB_G722_64.wav;4.19
w008_dakar_d1_1a1b.wav;w008_dakar_d1_1a1b_IRS_NB_AMRNB_4_75.wav;2.20
w008_dakar_d1_1a1b.wav;w008_dakar_d1_1a1b_IRS_NB_G711_A_64.wav;3.41
w008_dakar_d1_1a1b.wav;w008_dakar_d1_1a1b_MNRU_10DB.wav;1.02
w008_dakar_d1_1a1b.wav;w008_dakar_d1_1a1b_SWB_EVS_16_4.wav;4.09
w008_dakar_d1_1c_06.wav;w008_dakar_d1_1c_06.wav;4.47
w008_dakar_d1_1c_06.wav;w008_dakar_d1_1c_06_BP900_2500.wav;1.98
w008_dakar_d1_1c_06.wav;w008_dakar_d1_1c_06_HP135_WB_AMRWB_6_6.wav;2.81
w008_dakar_d1_1c_06.wav;w008_dakar_d1_1c_06_HP135_WB_G722_64.wav;4.18
w008_dakar_d1_1c_06.wav;w008_dakar_d1_1c_06_IRS_NB_AMRNB_4_75.wav;2.31
w008_dakar_d1_1c_06.wav;w008_dakar_d1_1c_06_IRS_NB_G711_A_64.wav;3.30
w008_dakar_d1_1c_06.wav;w008_dakar_d1_1c_06_MNRU_10DB.wav;1.11
w008_dakar_d1_1c_06.wav;w008_dakar_d1_1c_06_SWB_EVS_16_4.wav;4.21
w008_dakar_d2_2b.wav;w008_dakar_d2_2b.wav;4.49
w008_dakar_d2_2b.wav;w008_dakar_d2_2b_BP900_2500.wav;2.09
w008_dakar_d2_2b.wav;w008_dakar_d2_2b_HP135_WB_AMRWB_6_6.wav;2.81
w008_dakar_d2_2b.wav;w008_dakar_d2_2b_HP135_WB_G722_64.wav;4.15
w008_dakar_d2_2b.wav;w008_dakar_d2_2b_IRS_NB_AMRNB_4_75.wav;2.40
w008_dakar_d2_2b.wav;w008_dakar_d2_2b_IRS_NB_G711_A_64.wav;3.24
w008_dakar_d2_2b.wav;w008_dakar_d2_2b_MNRU_10DB.wav;1.16
w008_dakar_d2_2b.wav;w008_dakar_d2_2b_SWB_EVS_16_4.wav;4.09
w008_dakar_d3_3a3b.wav;w008_dakar_d3_3a3b.wav;4.41
w008_dakar_d3_3a3b.wav;w008_dakar_d3_3a3b_BP900_2500.wav;1.99
w008_dakar_d3_3a3b.wav;w008_dakar_d3_3a3b_HP135_WB_AMRWB_6_6.wav;2.56
w008_dakar_d3_3a3b.wav;w008_dakar_d3_3a3b_HP135_WB_G722_64.wav;4.10
w008_dakar_d3_3a3b.wav;w008_dakar_d3_3a3b_IRS_NB_AMRNB_4_75.wav;2.36
w008_dakar_d3_3a3b.wav;w008_dakar_d3_3a3b_IRS_NB_G711_A_64.wav;3.48
w008_dakar_d3_3a3b.wav;w008_dakar_d3_3a3b_MNRU_10DB.wav;1.05
w008_dakar_d3_3a3b.wav;w008_dakar_d3_3a3b_SWB_EVS_16_4.wav;4.10
w008_dakar_d3_3c1.wav;w008_dakar_d3_3c1.wav;4.54
w008_dakar_d3_3c1.wav;w008_dakar_d3_3c1_BP900_2500.wav;2.10
w008_dakar_d3_3c1.wav;w008_dakar_d3_3c1_HP135_WB_AMRWB_6_6.wav;2.67
w008_dakar_d3_3c1.wav;w008_dakar_d3_3c1_HP135_WB_G722_64.wav;4.23
w008_dakar_d3_3c1.wav;w008_dakar_d3_3c1_IRS_NB_AMRNB_4_75.wav;2.15
w008_dakar_d3_3c1.wav;w008_dakar_d3_3c1_IRS_NB_G711_A_64.wav;3.35
w008_dakar_d3_3c1.wav;w008_dakar_d3_3c1_MNRU_10DB.wav;1.10
w008_dakar_d3_3c1.wav;w008_dakar_d3_3c1_SWB_EVS_16_4.wav;4.10
w008_dakar_d3_3c2.wav;w008_dakar_d3_3c2.wav;4.36
w008_dakar_d3_3c2.wav;w008_dakar_d3_3c2_BP900_2500.wav;1.82
w008_dakar_d3_3c2.wav;w008_dakar_d3_3c2_HP135_WB_AMRWB_6_6.wav;2.64
w008_dakar_d3_3c2.wav;w008_dakar_d3_3c2_HP135_WB_G722_64.wav;4.16
w008_dakar_d3_3c2.wav;w008_dakar_d3_3c2_IRS_NB_AMRNB_4_75.wav;2.18
w008_dakar_d3_3c2.wav;w008_dakar_d3_3c2_IRS_NB_G711_A_64.wav;3.26
w008_dakar_d3_3c2.wav;w008_dakar_d3_3c2_MNRU_10DB.wav;1.22
w008_dakar_d3_3c2.wav;w008_dakar_d3_3c2_SWB_EVS_16_4.wav;4.15
w008_dakar_d4_4a4b.wav;w008_dakar_d4_4a4b.wav;4.52
w008_dakar_d4_4a4b.wav;w008_dakar_d4_4a4b_BP900_2500.wav;1.97
w008_dakar_d4_4a4b.wav;w008_dakar_d4_4a4b_HP135_WB_AMRWB_6_6.wav;2.75
w008_dakar_d4_4a4b.wav;w008_dakar_d4_4a4b_HP135_WB_G722_64.wav;4.22
w008_dakar_d4_4a4b.wav;w008_dakar_d4_4a4b_IRS_NB_AMRNB_4_75.wav;2.37
w008_dakar_d4_4a4b.wav;w008_dakar_d4_4a4b_IRS_NB_G711_A_64.wav;3.49
w008_dakar_d4_4a4b.wav;w008_dakar_d4_4a4b_MNRU_10DB.wav;1.06
w008_dakar_d4_4a4b.wav;w008_dakar_d4_4a4b_SWB_EVS_16_4.wav;4.16
w008_dakar_d4_4c.wav;w008_dakar_d4_4c.wav;4.44
w008_dakar_d4_4c.wav;w008_dakar_d4_4c_BP900_2500.wav;2.05
w008_dakar_d4_4c.wav;w008_dakar_d4_4c_HP135_WB_AMRWB_6_6.wav;2.66
w008_dakar_d4_4c.wav;w008_dakar_d4_4c_HP135_WB_G722_64.wav;4.11
w008_dakar_d4_4c.wav;w008_dakar_d4_4c_IRS_NB_AMRNB_4_75.wav;2.02
w008_dakar_d4_4c.wav;w008_dakar_d4_4c_IRS_NB_G711_A_64.wav;2.99
w008_dakar_d4_4c.wav;w008_dakar_d4_4c_MNRU_10DB.wav;1.09
w008_dakar_d4_4c.wav;w008_dakar_d4_4c_SWB_EVS_16_4.wav;4.05
w094_hakupu_d1_1a1b.wav;w094_hakupu_d1_1a1b.wav;4.37
w094_hakupu_d1_1a1b.wav;w094_hakupu_d1_1a1b_BP900_2500.wav;1.99
w094_hakupu_d1_1a1b.wav;w094_hakupu_d1_1a1b_HP135_WB_AMRWB_6_6.wav;2.39
w094_hakupu_d1_1a1b.wav;w094_hakupu_d1_1a1b_HP135_WB_G722_64.wav;4.39
w094_hakupu_d1_1a1b.wav;w094_hakupu_d1_1a1b_IRS_NB_AMRNB_4_75.wav;2.40
w094_hakupu_d1_1a1b.wav;w094_hakupu_d1_1a1b_IRS_NB_G711_A_64.wav;3.74
w094_hakupu_d1_1a1b.wav;w094_hakupu_d1_1a1b_MNRU_10DB.wav;1.01
w094_hakupu_d1_1a1b.wav;w094_hakupu_d1_1a1b_SWB_EVS_16_4.wav;4.12
w094_hakupu_d1_1c_12.wav;w094_hakupu_d1_1c_12.wav;4.34
w094_hakupu_d1_1c_12.wav;w094_hakupu_d1_1c_12_BP900_2500.wav;2.04
w094_hakupu_d1_1c_12.wav;w094_hakupu_d1_1c_12_HP135_WB_AMRWB_6_6.wav;2.71
w094_hakupu_d1_1c_12.wav;w094_hakupu_d1_1c_12_HP135_WB_G722_64.wav;4.43
w094_hakupu_d1_1c_12.wav;w094_hakupu_d1_1c_12_IRS_NB_AMRNB_4_75.wav;2.50
w094_hakupu_d1_1c_12.wav;w094_hakupu_d1_1c_12_IRS_NB_G711_A_64.wav;3.63
w094_hakupu_d1_1c_12.wav;w094_hakupu_d1_1c_12_MNRU_10DB.wav;1.01
w094_hakupu_d1_1c_12.wav;w094_hakupu_d1_1c_12_SWB_EVS_16_4.wav;4.21
w094_hakupu_d2_2b.wav;w094_hakupu_d2_2b.wav;4.25
w094_hakupu_d2_2b.wav;w094_hakupu_d2_2b_BP900_2500.wav;1.01
w094_hakupu_d2_2b.wav;w094_hakupu_d2_2b_HP135_WB_AMRWB_6_6.wav;2.49
w094_hakupu_d2_2b.wav;w094_hakupu_d2_2b_HP135_WB_G722_64.wav;4.50
w094_hakupu_d2_2b.wav;w094_hakupu_d2_2b_IRS_NB_AMRNB_4_75.wav;2.31
w094_hakupu_d2_2b.wav;w094_hakupu_d2_2b_IRS_NB_G711_A_64.wav;3.58
w094_hakupu_d2_2b.wav;w094_hakupu_d2_2b_MNRU_10DB.wav;1.01
w094_hakupu_d2_2b.wav;w094_hakupu_d2_2b_SWB_EVS_16_4.wav;4.18
w094_hakupu_d3_3a3b.wav;w094_hakupu_d3_3a3b.wav;4.41
w094_hakupu_d3_3a3b.wav;w094_hakupu_d3_3a3b_BP900_2500.wav;1.93
w094_hakupu_d3_3a3b.wav;w094_hakupu_d3_3a3b_HP135_WB_AMRWB_6_6.wav;2.37
w094_hakupu_d3_3a3b.wav;w094_hakupu_d3_3a3b_HP135_WB_G722_64.wav;4.21
w094_hakupu_d3_3a3b.wav;w094_hakupu_d3_3a3b_IRS_NB_AMRNB_4_75.wav;2.46
w094_hakupu_d3_3a3b.wav;w094_hakupu_d3_3a3b_IRS_NB_G711_A_64.wav;3.75
w094_hakupu_d3_3a3b.wav;w094_hakupu_d3_3a3b_MNRU_10DB.wav;1.01
w094_hakupu_d3_3a3b.wav;w094_hakupu_d3_3a3b_SWB_EVS_16_4.wav;4.01
w094_hakupu_d3_3c1.wav;w094_hakupu_d3_3c1.wav;4.50
w094_hakupu_d3_3c1.wav;w094_hakupu_d3_3c1_BP900_2500.wav;2.06
w094_hakupu_d3_3c1.wav;w094_hakupu_d3_3c1_HP135_WB_AMRWB_6_6.wav;2.66
w094_hakupu_d3_3c1.wav;w094_hakupu_d3_3c1_HP135_WB_G722_64.wav;4.60
w094_hakupu_d3_3c1.wav;w094_hakupu_d3_3c1_IRS_NB_AMRNB_4_75.wav;2.43
w094_hakupu_d3_3c1.wav;w094_hakupu_d3_3c1_IRS_NB_G711_A_64.wav;3.75
w094_hakupu_d3_3c1.wav;w094_hakupu_d3_3c1_MNRU_10DB.wav;1.01
w094_hakupu_d3_3c1.wav;w094_hakupu_d3_3c1_SWB_EVS_16_4.wav;4.27
w094_hakupu_d3_3c2.wav;w094_hakupu_d3_3c2.wav;4.15
w094_hakupu_d3_3c2.wav;w094_hakupu_d3_3c2_BP900_2500.wav;1.85
w094_hakupu_d3_3c2.wav;w094_hakupu_d3_3c2_HP135_WB_AMRWB_6_6.wav;2.80
w094_hakupu_d3_3c2.wav;w094_hakupu_d3_3c2_HP135_WB_G722_64.wav;4.48
w094_hakupu_d3_3c2.wav;w094_hakupu_d3_3c2_IRS_NB_AMRNB_4_75.wav;2.69
w094_hakupu_d3_3c2.wav;w094_hakupu_d3_3c2_IRS_NB_G711_A_64.wav;3.73
w094_hakupu_d3_3c2.wav;w094_hakupu_d3_3c2_MNRU_10DB.wav;1.03
w094_hakupu_d3_3c2.wav;w094_hakupu_d3_3c2_SWB_EVS_16_4.wav;4.28
w094_hakupu_d4_4a4b.wav;w094_hakupu_d4_4a4b.wav;4.35
w094_hakupu_d4_4a4b.wav;w094_hakupu_d4_4a4b_BP900_2500.wav;2.16
w094_hakupu_d4_4a4b.wav;w094_hakupu_d4_4a4b_HP135_WB_AMRWB_6_6.wav;2.66
w094_hakupu_d4_4a4b.wav;w094_hakupu_d4_4a4b_HP135_WB_G722_64.wav;4.40
w094_hakupu_d4_4a4b.wav;w094_hakupu_d4_4a4b_IRS_NB_AMRNB_4_75.wav;2.72
w094_hakupu_d4_4a4b.wav;w094_hakupu_d4_4a4b_IRS_NB_G711_A_64.wav;3.82
w094_hakupu_d4_4a4b.wav;w094_hakupu_d4_4a4b_MNRU_10DB.wav;1.01
w094_hakupu_d4_4a4b.wav;w094_hakupu_d4_4a4b_SWB_EVS_16_4.wav;4.21
w094_hakupu_d4_4c.wav;w094_hakupu_d4_4c.wav;4.21
w094_hakupu_d4_4c.wav;w094_hakupu_d4_4c_BP900_2500.wav;1.97
w094_hakupu_d4_4c.wav;w094_hakupu_d4_4c_HP135_WB_AMRWB_6_6.wav;2.77
w094_hakupu_d4_4c.wav;w094_hakupu_d4_4c_HP135_WB_G722_64.wav;4.45
w094_hakupu_d4_4c.wav;w094_hakupu_d4_4c_IRS_NB_AMRNB_4_75.wav;2.39
w094_hakupu_d4_4c.wav;w094_hakupu_d4_4c_IRS_NB_G711_A_64.wav;3.68
w094_hakupu_d4_4c.wav;w094_hakupu_d4_4c_MNRU_10DB.wav;1.01
w094_hakupu_d4_4c.wav;w094_hakupu_d4_4c_SWB_EVS_16_4.wav;4.22
w125_hamhung_d1_1a1b.wav;w125_hamhung_d1_1a1b.wav;4.18
w125_hamhung_d1_1a1b.wav;w125_hamhung_d1_1a1b_BP900_2500.wav;1.97
w125_hamhung_d1_1a1b.wav;w125_hamhung_d1_1a1b_HP135_WB_AMRWB_6_6.wav;2.37
w125_hamhung_d1_1a1b.wav;w125_hamhung_d1_1a1b_HP135_WB_G722_64.wav;4.33
w125_hamhung_d1_1a1b.wav;w125_hamhung_d1_1a1b_IRS_NB_AMRNB_4_75.wav;1.92
w125_hamhung_d1_1a1b.wav;w125_hamhung_d1_1a1b_IRS_NB_G711_A_64.wav;3.32
w125_hamhung_d1_1a1b.wav;w125_hamhung_d1_1a1b_MNRU_10DB.wav;1.01
w125_hamhung_d1_1a1b.wav;w125_hamhung_d1_1a1b_SWB_EVS_16_4.wav;4.01
w125_hamhung_d1_1c_03.wav;w125_hamhung_d1_1c_03.wav;4.35
w125_hamhung_d1_1c_03.wav;w125_hamhung_d1_1c_03_BP900_2500.wav;2.06
w125_hamhung_d1_1c_03.wav;w125_hamhung_d1_1c_03_HP135_WB_AMRWB_6_6.wav;2.30
w125_hamhung_d1_1c_03.wav;w125_hamhung_d1_1c_03_HP135_WB_G722_64.wav;4.29
w125_hamhung_d1_1c_03.wav;w125_hamhung_d1_1c_03_IRS_NB_AMRNB_4_75.wav;1.95
w125_hamhung_d1_1c_03.wav;w125_hamhung_d1_1c_03_IRS_NB_G711_A_64.wav;2.64
w125_hamhung_d1_1c_03.wav;w125_hamhung_d1_1c_03_MNRU_10DB.wav;1.01
w125_hamhung_d1_1c_03.wav;w125_hamhung_d1_1c_03_SWB_EVS_16_4.wav;4.10
w125_hamhung_d2_2b.wav;w125_hamhung_d2_2b.wav;4.38
w125_hamhung_d2_2b.wav;w125_hamhung_d2_2b_BP900_2500.wav;1.83
w125_hamhung_d2_2b.wav;w125_hamhung_d2_2b_HP135_WB_AMRWB_6_6.wav;2.66
w125_hamhung_d2_2b.wav;w125_hamhung_d2_2b_HP135_WB_G722_64.wav;4.28
w125_hamhung_d2_2b.wav;w125_hamhung_d2_2b_IRS_NB_AMRNB_4_75.wav;2.11
w125_hamhung_d2_2b.wav;w125_hamhung_d2_2b_IRS_NB_G711_A_64.wav;3.26
w125_hamhung_d2_2b.wav;w125_hamhung_d2_2b_MNRU_10DB.wav;1.11
w125_hamhung_d2_2b.wav;w125_hamhung_d2_2b_SWB_EVS_16_4.wav;4.09
w125_hamhung_d3_3a3b.wav;w125_hamhung_d3_3a3b.wav;4.29
w125_hamhung_d3_3a3b.wav;w125_hamhung_d3_3a3b_BP900_2500.wav;1.96
w125_hamhung_d3_3a3b.wav;w125_hamhung_d3_3a3b_HP135_WB_AMRWB_6_6.wav;2.52
w125_hamhung_d3_3a3b.wav;w125_hamhung_d3_3a3b_HP135_WB_G722_64.wav;4.32
w125_hamhung_d3_3a3b.wav;w125_hamhung_d3_3a3b_IRS_NB_AMRNB_4_75.wav;2.17
w125_hamhung_d3_3a3b.wav;w125_hamhung_d3_3a3b_IRS_NB_G711_A_64.wav;3.73
w125_hamhung_d3_3a3b.wav;w125_hamhung_d3_3a3b_MNRU_10DB.wav;1.04
w125_hamhung_d3_3a3b.wav;w125_hamhung_d3_3a3b_SWB_EVS_16_4.wav;4.11
w125_hamhung_d3_3c1.wav;w125_hamhung_d3_3c1.wav;4.26
w125_hamhung_d3_3c1.wav;w125_hamhung_d3_3c1_BP900_2500.wav;1.79
w125_hamhung_d3_3c1.wav;w125_hamhung_d3_3c1_HP135_WB_AMRWB_6_6.wav;2.63
w125_hamhung_d3_3c1.wav;w125_hamhung_d3_3c1_HP135_WB_G722_64.wav;4.27
w125_hamhung_d3_3c1.wav;w125_hamhung_d3_3c1_IRS_NB_AMRNB_4_75.wav;2.09
w125_hamhung_d3_3c1.wav;w125_hamhung_d3_3c1_IRS_NB_G711_A_64.wav;3.23
w125_hamhung_d3_3c1.wav;w125_hamhung_d3_3c1_MNRU_10DB.wav;1.05
w125_hamhung_d3_3c1.wav;w125_hamhung_d3_3c1_SWB_EVS_16_4.wav;4.01
w125_hamhung_d3_3c2.wav;w125_hamhung_d3_3c2.wav;4.03
w125_hamhung_d3_3c2.wav;w125_hamhung_d3_3c2_BP900_2500.wav;2.00
w125_hamhung_d3_3c2.wav;w125_hamhung_d3_3c2_HP135_WB_AMRWB_6_6.wav;2.53
w125_hamhung_d3_3c2.wav;w125_hamhung_d3_3c2_HP135_WB_G722_64.wav;4.14
w125_hamhung_d3_3c2.wav;w125_hamhung_d3_3c2_IRS_NB_AMRNB_4_75.wav;2.18
w125_hamhung_d3_3c2.wav;w125_hamhung_d3_3c2_IRS_NB_G711_A_64.wav;3.19
w125_hamhung_d3_3c2.wav;w125_hamhung_d3_3c2_MNRU_10DB.wav;1.13
w125_hamhung_d3_3c2.wav;w125_hamhung_d3_3c2_SWB_EVS_16_4.wav;4.03
w125_hamhung_d4_4a4b.wav;w125_hamhung_d4_4a4b.wav;4.41
w125_hamhung_d4_4a4b.wav;w125_hamhung_d4_4a4b_BP900_2500.wav;2.00
w125_hamhung_d4_4a4b.wav;w125_hamhung_d4_4a4b_HP135_WB_AMRWB_6_6.wav;2.52
w125_hamhung_d4_4a4b.wav;w125_hamhung_d4_4a4b_HP135_WB_G722_64.wav;4.14
w125_hamhung_d4_4a4b.wav;w125_hamhung_d4_4a4b_IRS_NB_AMRNB_4_75.wav;2.18
w125_hamhung_d4_4a4b.wav;w125_hamhung_d4_4a4b_IRS_NB_G711_A_64.wav;3.28
w125_hamhung_d4_4a4b.wav;w125_hamhung_d4_4a4b_MNRU_10DB.wav;1.02
w125_hamhung_d4_4a4b.wav;w125_hamhung_d4_4a4b_SWB_EVS_16_4.wav;4.13
w125_hamhung_d4_4c.wav;w125_hamhung_d4_4c.wav;4.35
w125_hamhung_d4_4c.wav;w125_hamhung_d4_4c_BP900_2500.wav;1.87
w125_hamhung_d4_4c.wav;w125_hamhung_d4_4c_HP135_WB_AMRWB_6_6.wav;2.35
w125_hamhung_d4_4c.wav;w125_hamhung_d4_4c_HP135_WB_G722_64.wav;4.48
w125_hamhung_d4_4c.wav;w125_hamhung_d4_4c_IRS_NB_AMRNB_4_75.wav;1.86
w125_hamhung_d4_4c.wav;w125_hamhung_d4_4c_IRS_NB_G711_A_64.wav;3.04
w125_hamhung_d4_4c.wav;w125_hamhung_d4_4c_MNRU_10DB.wav;1.01
w125_hamhung_d4_4c.wav;w125_hamhung_d4_4c_SWB_EVS_16_4.wav;3.98
w148_phuntsholing_d1_1a1b.wav;w148_phuntsholing_d1_1a1b.wav;4.35
w148_phuntsholing_d1_1a1b.wav;w148_phuntsholing_d1_1a1b_BP900_2500.wav;2.15
w148_phuntsholing_d1_1a1b.wav;w148_phuntsholing_d1_1a1b_HP135_WB_AMRWB_6_6.wav;2.92
w148_phuntsholing_d1_1a1b.wav;w148_phuntsholing_d1_1a1b_HP135_WB_G722_64.wav;4.52
w148_phuntsholing_d1_1a1b.wav;w148_phuntsholing_d1_1a1b_IRS_NB_AMRNB_4_75.wav;2.15
w148_phuntsholing_d1_1a1b.wav;w148_phuntsholing_d1_1a1b_IRS_NB_G711_A_64.wav;3.50
w148_phuntsholing_d1_1a1b.wav;w148_phuntsholing_d1_1a1b_MNRU_10DB.wav;1.01
w148_phuntsholing_d1_1a1b.wav;w148_phuntsholing_d1_1a1b_SWB_EVS_16_4.wav;4.10
w148_phuntsholing_d1_1c_05.wav;w148_phuntsholing_d1_1c_05.wav;4.26
w148_phuntsholing_d1_1c_05.wav;w148_phuntsholing_d1_1c_05_BP900_2500.wav;1.84
w148_phuntsholing_d1_1c_05.wav;w148_phuntsholing_d1_1c_05_HP135_WB_AMRWB_6_6.wav;2.50
w148_phuntsholing_d1_1c_05.wav;w148_phuntsholing_d1_1c_05_HP135_WB_G722_64.wav;4.32
w148_phuntsholing_d1_1c_05.wav;w148_phuntsholing_d1_1c_05_IRS_NB_AMRNB_4_75.wav;1.96
w148_phuntsholing_d1_1c_05.wav;w148_phuntsholing_d1_1c_05_IRS_NB_G711_A_64.wav;3.35
w148_phuntsholing_d1_1c_05.wav;w148_phuntsholing_d1_1c_05_MNRU_10DB.wav;1.01
w148_phuntsholing_d1_1c_05.wav;w148_phuntsholing_d1_1c_05_SWB_EVS_16_4.wav;3.99
w148_phuntsholing_d2_2b.wav;w148_phuntsholing_d2_2b.wav;4.17
w148_phuntsholing_d2_2b.wav;w148_phuntsholing_d2_2b_BP900_2500.wav;1.93
w148_phuntsholing_d2_2b.wav;w148_phuntsholing_d2_2b_HP135_WB_AMRWB_6_6.wav;2.67
w148_phuntsholing_d2_2b.wav;w148_phuntsholing_d2_2b_HP135_WB_G722_64.wav;4.26
w148_phuntsholing_d2_2b.wav;w148_phuntsholing_d2_2b_IRS_NB_AMRNB_4_75.wav;2.17
w148_phuntsholing_d2_2b.wav;w148_phuntsholing_d2_2b_IRS_NB_G711_A_64.wav;3.30
w148_phuntsholing_d2_2b.wav;w148_phuntsholing_d2_2b_MNRU_10DB.wav;1.03
w148_phuntsholing_d2_2b.wav;w148_phuntsholing_d2_2b_SWB_EVS_16_4.wav;4.10
w148_phuntsholing_d3_3a3b.wav;w148_phuntsholing_d3_3a3b.wav;4.21
w148_phuntsholing_d3_3a3b.wav;w148_phuntsholing_d3_3a3b_BP900_2500.wav;2.07
w148_phuntsholing_d3_3a3b.wav;w148_phuntsholing_d3_3a3b_HP135_WB_AMRWB_6_6.wav;2.62
w148_phuntsholing_d3_3a3b.wav;w148_phuntsholing_d3_3a3b_HP135_WB_G722_64.wav;4.32
w148_phuntsholing_d3_3a3b.wav;w148_phuntsholing_d3_3a3b_IRS_NB_AMRNB_4_75.wav;2.17
w148_phuntsholing_d3_3a3b.wav;w148_phuntsholing_d3_3a3b_IRS_NB_G711_A_64.wav;3.69
w148_phuntsholing_d3_3a3b.wav;w148_phuntsholing_d3_3a3b_MNRU_10DB.wav;1.04
w148_phuntsholing_d3_3a3b.wav;w148_phuntsholing_d3_3a3b_SWB_EVS_16_4.wav;4.14
w148_phuntsholing_d3_3c1.wav;w148_phuntsholing_d3_3c1.wav;4.48
w148_phuntsholing_d3_3c1.wav;w148_phuntsholing_d3_3c1_BP900_2500.wav;1.92
w148_phuntsholing_d3_3c1.wav;w148_phuntsholing_d3_3c1_HP135_WB_AMRWB_6_6.wav;2.42
w148_phuntsholing_d3_3c1.wav;w148_phuntsholing_d3_3c1_HP135_WB_G722_64.wav;4.50
w148_phuntsholing_d3_3c1.wav;w148_phuntsholing_d3_3c1_IRS_NB_AMRNB_4_75.wav;2.06
w148_phuntsholing_d3_3c1.wav;w148_phuntsholing_d3_3c1_IRS_NB_G711_A_64.wav;3.54
w148_phuntsholing_d3_3c1.wav;w148_phuntsholing_d3_3c1_MNRU_10DB.wav;1.01
w148_phuntsholing_d3_3c1.wav;w148_phuntsholing_d3_3c1_SWB_EVS_16_4.wav;4.13
w148_phuntsholing_d3_3c2.wav;w148_phuntsholing_d3_3c2.wav;4.12
w148_phuntsholing_d3_3c2.wav;w148_phuntsholing_d3_3c2_BP900_2500.wav;2.03
w148_phuntsholing_d3_3c2.wav;w148_phuntsholing_d3_3c2_HP135_WB_AMRWB_6_6.wav;2.46
w148_phuntsholing_d3_3c2.wav;w148_phuntsholing_d3_3c2_HP135_WB_G722_64.wav;4.22
w148_phuntsholing_d3_3c2.wav;w148_phuntsholing_d3_3c2_IRS_NB_AMRNB_4_75.wav;2.09
w148_phuntsholing_d3_3c2.wav;w148_phuntsholing_d3_3c2_IRS_NB_G711_A_64.wav;3.34
w148_phuntsholing_d3_3c2.wav;w148_phuntsholing_d3_3c2_MNRU_10DB.wav;1.01
w148_phuntsholing_d3_3c2.wav;w148_phuntsholing_d3_3c2_SWB_EVS_16_4.wav;4.10
w148_phuntsholing_d4_4a4b.wav;w148_phuntsholing_d4_4a4b.wav;4.41
w148_phuntsholing_d4_4a4b.wav;w148_phuntsholing_d4_4a4b_BP900_2500.wav;2.11
w148_phuntsholing_d4_4a4b.wav;w148_phuntsholing_d4_4a4b_HP135_WB_AMRWB_6_6.wav;2.46
w148_phuntsholing_d4_4a4b.wav;w148_phuntsholing_d4_4a4b_HP135_WB_G722_64.wav;4.35
w148_phuntsholing_d4_4a4b.wav;w148_phuntsholing_d4_4a4b_IRS_NB_AMRNB_4_75.wav;1.95
w148_phuntsholing_d4_4a4b.wav;w148_phuntsholing_d4_4a4b_IRS_NB_G711_A_64.wav;3.30
w148_phuntsholing_d4_4a4b.wav;w148_phuntsholing_d4_4a4b_MNRU_10DB.wav;1.01
w148_phuntsholing_d4_4a4b.wav;w148_phuntsholing_d4_4a4b_SWB_EVS_16_4.wav;4.12
w148_phuntsholing_d4_4c.wav;w148_phuntsholing_d4_4c.wav;4.12
w148_phuntsholing_d4_4c.wav;w148_phuntsholing_d4_4c_BP900_2500.wav;1.97
w148_phuntsholing_d4_4c.wav;w148_phuntsholing_d4_4c_HP135_WB_AMRWB_6_6.wav;2.66
w148_phuntsholing_d4_4c.wav;w148_phuntsholing_d4_4c_HP135_WB_G722_64.wav;4.28
w148_phuntsholing_d4_4c.wav;w148_phuntsholing_d4_4c_IRS_NB_AMRNB_4_75.wav;2.04
w148_phuntsholing_d4_4c.wav;w148_phuntsholing_d4_4c_IRS_NB_G711_A_64.wav;3.21
w148_phuntsholing_d4_4c.wav;w148_phuntsholing_d4_4c_MNRU_10DB.wav;1.01
w148_phuntsholing_d4_4c.wav;w148_phuntsholing_d4_4c_SWB_EVS_16_4.wav;4.15
w174_reykjavik_d1_1a1b.wav;w174_reykjavik_d1_1a1b.wav;4.60
w174_reykjavik_d1_1a1b.wav;w174_reykjavik_d1_1a1b_BP900_2500.wav;2.06
w174_reykjavik_d1_1a1b.wav;w174_reykjavik_d1_1a1b_HP135_WB_AMRWB_6_6.wav;2.87
w174_reykjavik_d1_1a1b.wav;w174_reykjavik_d1_1a1b_HP135_WB_G722_64.wav;4.47
w174_reykjavik_d1_1a1b.wav;w174_reykjavik_d1_1a1b_IRS_NB_AMRNB_4_75.wav;2.37
w174_reykjavik_d1_1a1b.wav;w174_reykjavik_d1_1a1b_IRS_NB_G711_A_64.wav;3.54
w174_reykjavik_d1_1a1b.wav;w174_reykjavik_d1_1a1b_MNRU_10DB.wav;1.01
w174_reykjavik_d1_1a1b.wav;w174_reykjavik_d1_1a1b_SWB_EVS_16_4.wav;4.26
w174_reykjavik_d1_1c_05.wav;w174_reykjavik_d1_1c_05.wav;4.46
w174_reykjavik_d1_1c_05.wav;w174_reykjavik_d1_1c_05_BP900_2500.wav;1.93
w174_reykjavik_d1_1c_05.wav;w174_reykjavik_d1_1c_05_HP135_WB_AMRWB_6_6.wav;2.88
w174_reykjavik_d1_1c_05.wav;w174_reykjavik_d1_1c_05_HP135_WB_G722_64.wav;4.31
w174_reykjavik_d1_1c_05.wav;w174_reykjavik_d1_1c_05_IRS_NB_AMRNB_4_75.wav;2.20
w174_reykjavik_d1_1c_05.wav;w174_reykjavik_d1_1c_05_IRS_NB_G711_A_64.wav;3.36
w174_reykjavik_d1_1c_05.wav;w174_reykjavik_d1_1c_05_MNRU_10DB.wav;1.01
w174_reykjavik_d1_1c_05.wav;w174_reykjavik_d1_1c_05_SWB_EVS_16_4.wav;4.22
w174_reykjavik_d2_2b.wav;w174_reykjavik_d2_2b.wav;4.57
w174_reykjavik_d2_2b.wav;w174_reykjavik_d2_2b_BP900_2500.wav;1.84
w174_reykjavik_d2_2b.wav;w174_reykjavik_d2_2b_HP135_WB_AMRWB_6_6.wav;2.94
w174_reykjavik_d2_2b.wav;w174_reykjavik_d2_2b_HP135_WB_G722_64.wav;4.42
w174_reykjavik_d2_2b.wav;w174_reykjavik_d2_2b_IRS_NB_AMRNB_4_75.wav;2.38
w174_reykjavik_d2_2b.wav;w174_reykjavik_d2_2b_IRS_NB_G711_A_64.wav;3.31
w174_reykjavik_d2_2b.wav;w174_reykjavik_d2_2b_MNRU_10DB.wav;1.04
w174_reykjavik_d2_2b.wav;w174_reykjavik_d2_2b_SWB_EVS_16_4.wav;4.23
w174_reykjavik_d3_3a3b.wav;w174_reykjavik_d3_3a3b.wav;4.73
w174_reykjavik_d3_3a3b.wav;w174_reykjavik_d3_3a3b_BP900_2500.wav;1.09
w174_reykjavik_d3_3a3b.wav;w174_reykjavik_d3_3a3b_HP135_WB_AMRWB_6_6.wav;2.72
w174_reykjavik_d3_3a3b.wav;w174_reykjavik_d3_3a3b_HP135_WB_G722_64.wav;4.44
w174_reykjavik_d3_3a3b.wav;w174_reykjavik_d3_3a3b_IRS_NB_AMRNB_4_75.wav;2.32
w174_reykjavik_d3_3a3b.wav;w174_reykjavik_d3_3a3b_IRS_NB_G711_A_64.wav;3.57
w174_reykjavik_d3_3a3b.wav;w174_reykjavik_d3_3a3b_MNRU_10DB.wav;1.04
w174_reykjavik_d3_3a3b.wav;w174_reykjavik_d3_3a3b_SWB_EVS_16_4.wav;4.37
w174_reykjavik_d3_3c1.wav;w174_reykjavik_d3_3c1.wav;4.39
w174_reykjavik_d3_3c1.wav;w174_reykjavik_d3_3c1_BP900_2500.wav;1.82
w174_reykjavik_d3_3c1.wav;w174_reykjavik_d3_3c1_HP135_WB_AMRWB_6_6.wav;2.70
w174_reykjavik_d3_3c1.wav;w174_reykjavik_d3_3c1_HP135_WB_G722_64.wav;4.31
w174_reykjavik_d3_3c1.wav;w174_reykjavik_d3_3c1_IRS_NB_AMRNB_4_75.wav;2.14
w174_reykjavik_d3_3c1.wav;w174_reykjavik_d3_3c1_IRS_NB_G711_A_64.wav;3.19
w174_reykjavik_d3_3c1.wav;w174_reykjavik_d3_3c1_MNRU_10DB.wav;1.04
w174_reykjavik_d3_3c1.wav;w174_reykjavik_d3_3c1_SWB_EVS_16_4.wav;4.22
w174_reykjavik_d3_3c2.wav;w174_reykjavik_d3_3c2.wav;4.13
w174_reykjavik_d3_3c2.wav;w174_reykjavik_d3_3c2_BP900_2500.wav;1.09
w174_reykjavik_d3_3c2.wav;w174_reykjavik_d3_3c2_HP135_WB_AMRWB_6_6.wav;2.60
w174_reykjavik_d3_3c2.wav;w174_reykjavik_d3_3c2_HP135_WB_G722_64.wav;4.12
w174_reykjavik_d3_3c2.wav;w174_reykjavik_d3_3c2_IRS_NB_AMRNB_4_75.wav;2.41
w174_reykjavik_d3_3c2.wav;w174_reykjavik_d3_3c2_IRS_NB_G711_A_64.wav;3.28
w174_reykjavik_d3_3c2.wav;w174_reykjavik_d3_3c2_MNRU_10DB.wav;1.04
w174_reykjavik_d3_3c2.wav;w174_reykjavik_d3_3c2_SWB_EVS_16_4.wav;4.07
w174_reykjavik_d4_4a4b.wav;w174_reykjavik_d4_4a4b.wav;4.63
w174_reykjavik_d4_4a4b.wav;w174_reykjavik_d4_4a4b_BP900_2500.wav;1.94
w174_reykjavik_d4_4a4b.wav;w174_reykjavik_d4_4a4b_HP135_WB_AMRWB_6_6.wav;2.78
w174_reykjavik_d4_4a4b.wav;w174_reykjavik_d4_4a4b_HP135_WB_G722_64.wav;4.60
w174_reykjavik_d4_4a4b.wav;w174_reykjavik_d4_4a4b_IRS_NB_AMRNB_4_75.wav;2.29
w174_reykjavik_d4_4a4b.wav;w174_reykjavik_d4_4a4b_IRS_NB_G711_A_64.wav;3.57
w174_reykjavik_d4_4a4b.wav;w174_reykjavik_d4_4a4b_MNRU_10DB.wav;1.06
w174_reykjavik_d4_4a4b.wav;w174_reykjavik_d4_4a4b_SWB_EVS_16_4.wav;4.23
w174_reykjavik_d4_4c.wav;w174_reykjavik_d4_4c.wav;4.62
w174_reykjavik_d4_4c.wav;w174_reykjavik_d4_4c_BP900_2500.wav;1.89
w174_reykjavik_d4_4c.wav;w174_reykjavik_d4_4c_HP135_WB_AMRWB_6_6.wav;2.58
w174_reykjavik_d4_4c.wav;w174_reykjavik_d4_4c_HP135_WB_G722_64.wav;4.33
w174_reykjavik_d4_4c.wav;w174_reykjavik_d4_4c_IRS_NB_AMRNB_4_75.wav;2.20
w174_reykjavik_d4_4c.wav;w174_reykjavik_d4_4c_IRS_NB_G711_A_64.wav;3.50
w174_reykjavik_d4_4c.wav;w174_reykjavik_d4_4c_MNRU_10DB.wav;1.03
w174_reykjavik_d4_4c.wav;w174_reykjavik_d4_4c_SWB_EVS_16_4.wav;4.09
w257_nasinu_d1_1a1b.wav;w257_nasinu_d1_1a1b.wav;4.75
w257_nasinu_d1_1a1b.wav;w257_nasinu_d1_1a1b_BP900_2500.wav;1.89
w257_nasinu_d1_1a1b.wav;w257_nasinu_d1_1a1b_HP135_WB_AMRWB_6_6.wav;2.80
w257_nasinu_d1_1a1b.wav;w257_nasinu_d1_1a1b_HP135_WB_G722_64.wav;4.32
w257_nasinu_d1_1a1b.wav;w257_nasinu_d1_1a1b_IRS_NB_AMRNB_4_75.wav;2.36
w257_nasinu_d1_1a1b.wav;w257_nasinu_d1_1a1b_IRS_NB_G711_A_64.wav;3.60
w257_nasinu_d1_1a1b.wav;w257_nasinu_d1_1a1b_MNRU_10DB.wav;1.04
w257_nasinu_d1_1a1b.wav;w257_nasinu_d1_1a1b_SWB_EVS_16_4.wav;4.25
w257_nasinu_d1_1c_06.wav;w257_nasinu_d1_1c_06.wav;4.75
w257_nasinu_d1_1c_06.wav;w257_nasinu_d1_1c_06_BP900_2500.wav;1.96
w257_nasinu_d1_1c_06.wav;w257_nasinu_d1_1c_06_HP135_WB_AMRWB_6_6.wav;2.81
w257_nasinu_d1_1c_06.wav;w257_nasinu_d1_1c_06_HP135_WB_G722_64.wav;4.54
w257_nasinu_d1_1c_06.wav;w257_nasinu_d1_1c_06_IRS_NB_AMRNB_4_75.wav;2.46
w257_nasinu_d1_1c_06.wav;w257_nasinu_d1_1c_06_IRS_NB_G711_A_64.wav;3.72
w257_nasinu_d1_1c_06.wav;w257_nasinu_d1_1c_06_MNRU_10DB.wav;1.20
w257_nasinu_d1_1c_06.wav;w257_nasinu_d1_1c_06_SWB_EVS_16_4.wav;4.31
w257_nasinu_d2_2b.wav;w257_nasinu_d2_2b.wav;4.65
w257_nasinu_d2_2b.wav;w257_nasinu_d2_2b_BP900_2500.wav;1.86
w257_nasinu_d2_2b.wav;w257_nasinu_d2_2b_HP135_WB_AMRWB_6_6.wav;2.94
w257_nasinu_d2_2b.wav;w257_nasinu_d2_2b_HP135_WB_G722_64.wav;4.18
w257_nasinu_d2_2b.wav;w257_nasinu_d2_2b_IRS_NB_AMRNB_4_75.wav;2.49
w257_nasinu_d2_2b.wav;w257_nasinu_d2_2b_IRS_NB_G711_A_64.wav;3.56
w257_nasinu_d2_2b.wav;w257_nasinu_d2_2b_MNRU_10DB.wav;1.25
w257_nasinu_d2_2b.wav;w257_nasinu_d2_2b_SWB_EVS_16_4.wav;4.17
w257_nasinu_d3_3a3b.wav;w257_nasinu_d3_3a3b.wav;4.75
w257_nasinu_d3_3a3b.wav;w257_nasinu_d3_3a3b_BP900_2500.wav;1.89
w257_nasinu_d3_3a3b.wav;w257_nasinu_d3_3a3b_HP135_WB_AMRWB_6_6.wav;2.81
w257_nasinu_d3_3a3b.wav;w257_nasinu_d3_3a3b_HP135_WB_G722_64.wav;4.31
w257_nasinu_d3_3a3b.wav;w257_nasinu_d3_3a3b_IRS_NB_AMRNB_4_75.wav;2.37
w257_nasinu_d3_3a3b.wav;w257_nasinu_d3_3a3b_IRS_NB_G711_A_64.wav;3.57
w257_nasinu_d3_3a3b.wav;w257_nasinu_d3_3a3b_MNRU_10DB.wav;1.09
w257_nasinu_d3_3a3b.wav;w257_nasinu_d3_3a3b_SWB_EVS_16_4.wav;4.31
w257_nasinu_d3_3c1.wav;w257_nasinu_d3_3c1.wav;4.69
w257_nasinu_d3_3c1.wav;w257_nasinu_d3_3c1_BP900_2500.wav;1.91
w257_nasinu_d3_3c1.wav;w257_nasinu_d3_3c1_HP135_WB_AMRWB_6_6.wav;2.77
w257_nasinu_d3_3c1.wav;w257_nasinu_d3_3c1_HP135_WB_G722_64.wav;4.35
w257_nasinu_d3_3c1.wav;w257_nasinu_d3_3c1_IRS_NB_AMRNB_4_75.wav;2.51
w257_nasinu_d3_3c1.wav;w257_nasinu_d3_3c1_IRS_NB_G711_A_64.wav;3.67
w257_nasinu_d3_3c1.wav;w257_nasinu_d3_3c1_MNRU_10DB.wav;1.10
w257_nasinu_d3_3c1.wav;w257_nasinu_d3_3c1_SWB_EVS_16_4.wav;4.24
w257_nasinu_d3_3c2.wav;w257_nasinu_d3_3c2.wav;4.64
w257_nasinu_d3_3c2.wav;w257_nasinu_d3_3c2_BP900_2500.wav;1.81
w257_nasinu_d3_3c2.wav;w257_nasinu_d3_3c2_HP135_WB_AMRWB_6_6.wav;2.64
w257_nasinu_d3_3c2.wav;w257_nasinu_d3_3c2_HP135_WB_G722_64.wav;3.93
w257_nasinu_d3_3c2.wav;w257_nasinu_d3_3c2_IRS_NB_AMRNB_4_75.wav;2.50
w257_nasinu_d3_3c2.wav;w257_nasinu_d3_3c2_IRS_NB_G711_A_64.wav;3.53
w257_nasinu_d3_3c2.wav;w257_nasinu_d3_3c2_MNRU_10DB.wav;1.04
w257_nasinu_d3_3c2.wav;w257_nasinu_d3_3c2_SWB_EVS_16_4.wav;4.26
w257_nasinu_d4_4a4b.wav;w257_nasinu_d4_4a4b.wav;4.64
w257_nasinu_d4_4a4b.wav;w257_nasinu_d4_4a4b_BP900_2500.wav;2.03
w257_nasinu_d4_4a4b.wav;w257_nasinu_d4_4a4b_HP135_WB_AMRWB_6_6.wav;2.73
w257_nasinu_d4_4a4b.wav;w257_nasinu_d4_4a4b_HP135_WB_G722_64.wav;4.26
w257_nasinu_d4_4a4b.wav;w257_nasinu_d4_4a4b_IRS_NB_AMRNB_4_75.wav;2.52
w257_nasinu_d4_4a4b.wav;w257_nasinu_d4_4a4b_IRS_NB_G711_A_64.wav;3.55
w257_nasinu_d4_4a4b.wav;w257_nasinu_d4_4a4b_MNRU_10DB.wav;1.02
w257_nasinu_d4_4a4b.wav;w257_nasinu_d4_4a4b_SWB_EVS_16_4.wav;4.30
w257_nasinu_d4_4c.wav;w257_nasinu_d4_4c.wav;4.63
w257_nasinu_d4_4c.wav;w257_nasinu_d4_4c_BP900_2500.wav;1.08
w257_nasinu_d4_4c.wav;w257_nasinu_d4_4c_HP135_WB_AMRWB_6_6.wav;2.90
w257_nasinu_d4_4c.wav;w257_nasinu_d4_4c_HP135_WB_G722_64.wav;4.40
w257_nasinu_d4_4c.wav;w257_nasinu_d4_4c_IRS_NB_AMRNB_4_75.wav;2.39
w257_nasinu_d4_4c.wav;w257_nasinu_d4_4c_IRS_NB_G711_A_64.wav;3.26
w257_nasinu_d4_4c.wav;w257_nasinu_d4_4c_MNRU_10DB.wav;1.11
w257_nasinu_d4_4c.wav;w257_nasinu_d4_4c_SWB_EVS_16_4.wav;4.25
